{"schemaVersion":17,"addons":[{"id":"{972ce4c6-7e08-4474-a285-3208198ce6fd}","syncGUID":"tTEfDnpPs333","location":"app-global","version":"41.0.1","type":"theme","internalName":"classic/1.0","updateURL":null,"updateKey":null,"optionsURL":null,"optionsType":null,"aboutURL":null,"iconURL":null,"icon64URL":null,"defaultLocale":{"name":"Default","description":"The default theme.","creator":"Mozilla","homepageURL":null,"contributors":["Mozilla Contributors"]},"visible":true,"active":true,"userDisabled":false,"appDisabled":false,"descriptor":"C:\\Users\\levieilfa\\AppData\\Local\\Mozilla Firefox\\browser\\extensions\\{972ce4c6-7e08-4474-a285-3208198ce6fd}","installDate":1443787376185,"updateDate":1443787376185,"applyBackgroundUpdates":1,"skinnable":true,"size":22852,"sourceURI":null,"releaseNotesURI":null,"softDisabled":false,"foreignInstall":false,"hasBinaryComponents":false,"strictCompatibility":true,"locales":[],"targetApplications":[{"id":"{ec8030f7-c20a-464f-9b0e-13a3a9e97384}","minVersion":"41.0.1","maxVersion":"41.0.1"}],"targetPlatforms":[]},{"id":"{D19CA586-DD6C-4a0a-96F8-14644F340D60}","syncGUID":"6LtQfYMooYhZ","location":"winreg-app-global","version":"IDS_SS_VERSION","type":"extension","internalName":null,"updateURL":null,"updateKey":null,"optionsURL":null,"optionsType":null,"aboutURL":null,"iconURL":"chrome://vscore/content/ScriptFF.gif","icon64URL":null,"defaultLocale":{"name":"IDS_SS_NAME","description":null,"creator":"McAfee, Inc.","homepageURL":null},"visible":true,"active":false,"userDisabled":true,"appDisabled":false,"descriptor":"C:\\Program Files (x86)\\Common Files\\McAfee\\SystemCore","installDate":1394441141627,"updateDate":1394441141627,"applyBackgroundUpdates":1,"bootstrap":false,"size":2304588,"sourceURI":null,"releaseNotesURI":null,"softDisabled":false,"foreignInstall":true,"hasBinaryComponents":false,"strictCompatibility":false,"locales":[],"targetApplications":[{"id":"{ec8030f7-c20a-464f-9b0e-13a3a9e97384}","minVersion":"1.5","maxVersion":"9.9"}],"targetPlatforms":[],"multiprocessCompatible":false,"signedState":0}]}